UniqueCount	AmbigCount
81	0
31	0
116	0
2085	2469
43	0
37	0
7	0
9	0
72	0
97	0
33	0
9	0
15	0
138	0
195	0
3	0
54	0
2	0
23	0
15	0
107	0
19	0
20	0
35	1
17	0
24	0
82	0
65	0
39	0
20	0
11	0
5	0
337	0
16	0
7	0
413	0
51	0
4	0
25	0
34	0
14	0
116	0
12	0
14	0
12	0
162	0
63	0
77	0
96	0
45	0
49	0
4	0
17	0
243	0
83	0
46	0
14	34
0	0
41	0
35	0
13	0
59	0
12	0
0	297
0	1
18	0
38	0
7	0
20	0
1	1
5	0
9	0
3	0
1	0
0	0
0	1
6	0
56	1
18	39
0	1
6	0
0	33
311	0
212	6
458	81
108	0
35	0
57	0
260	0
31	0
26	0
9	0
133	1
1	0
23	0
427	0
19	0
238	0
22	0
23	0
69	0
35	0
359	0
18	0
59	0
1	0
40	0
209	169
78	0
235	0
403	0
11	0
55	0
164	0
65	0
21	0
64	0
19	0
165	0
20	0
66	0
506	0
34	0
101	0
0	0
907	0
20	0
313	0
53	0
144	0
158	0
80	0
12	0
21	0
82	0
33	0
227	0
44	0
41	0
45	0
67	0
1646	0
145	0
105	0
13	0
14	0
72	539
19	0
173	0
188	0
195	0
86	0
27	0
21	5
13	0
74	3
93	0
172	0
78	115
76	0
33	0
91	0
469	0
479	0
32	0
25	0
21	0
42	0
2745	0
139	0
40	0
85	0
48	0
90	0
60	0
57	0
127	0
22	0
63	0
28	0
20	0
100	0
91	0
53	0
323	712
587	313
437	0
8	0
45	0
84	0
67	0
52	0
5	0
5	10
0	8
18	0
15	0
65	0
214	0
387	0
50	0
20	0
25	0
18	0
67	380
65	0
34	0
205	0
89	0
51	0
31	0
624	0
3	0
38	0
14	0
32	0
73	0
21	0
77	0
102	0
55	39
171	0
214	0
438	0
115	0
596	0
57	0
340	0
73	0
52	0
288	0
37	0
14	0
34	0
27	0
39	0
14	0
27	0
43	0
2	17
17	0
28	0
2314	0
92	0
58	0
28	0
27	0
278	0
99	0
67	0
152	0
433	0
45	0
40	0
2	0
225	0
22	0
112	0
23	119
25	0
6	5
8	10
66	0
71	0
28	0
42	0
81	0
695	0
34	0
37	0
17	0
185	0
233	0
12	0
73	0
99	0
34	0
232	0
193	13
174	0
129	0
374	0
0	5183
49	0
133	0
226	0
168	0
73	0
36	0
594	0
304	0
40	0
46	0
41	0
18	0
32	0
56	0
22	0
56	0
35	0
39	0
327	0
425	0
14	0
49	0
71	0
54	0
89	0
109	0
178	0
312	0
54	1
139	0
22	0
13	0
40	0
34	0
31	0
17	0
47	0
69	0
26	0
43	0
217	0
35	0
34	0
32	0
36	0
17	0
15	0
1371	0
35	0
20	0
141	0
229	0
16	0
17	0
249	0
190	0
17	0
96	329
23	0
174	0
9	0
63	0
9	0
27	0
8	0
261	23
179	87
31	0
17	0
4	0
15	0
417	0
3	0
130	0
125	0
37	0
26	0
31	0
118	0
19	0
51	0
65	0
126	0
23	0
33	0
20	0
6	0
268	0
84	0
34	0
6	0
336	32
2	5
4	5
124	0
135	0
7	0
61	0
53	0
19	0
63	0
484	0
26	0
27	0
115	0
106	0
34	0
77	0
35	0
37	0
25	0
61	0
30	0
16	0
5	0
157	0
16	0
23	0
42	0
102	0
15	0
52	0
23	0
50	0
22	0
54	0
317	0
52	0
11	0
16	0
62	0
23	0
108	0
107	0
23	0
18	0
17	24
94	0
164	0
21	0
20	0
24	0
90	0
22	0
56	0
84	0
39	0
166	0
42	0
29	0
69	0
133	0
98	0
33	0
1432	0
284	0
32	0
61	0
237	0
16	0
16	0
42	0
45	0
5	0
52	23
247	0
4	32
0	6
140	732
38	0
14	0
21	0
15	0
11	0
87	0
19	0
74	0
66	0
7	0
100	0
45	0
0	1722
0	302
80	0
235	0
10	0
47	0
6	0
148	0
39	0
15	0
31	0
66	0
715	0
15	0
16	0
34	0
54	0
367	14
17	14
361	0
12	0
58	0
9	0
1	0
32	0
124	0
70	0
54	0
58	0
20	0
41	0
74	0
134	43
60	0
62	0
14	0
12	0
9	0
180	325
1	14
0	12
1	10
3	0
44	0
90	0
83	0
24	0
9	0
114	0
60	0
5	0
170	0
470	0
30	0
7	0
80	0
62	0
1	0
13	0
26	0
8	0
3059	0
41	0
16	0
64	0
14	0
3	0
4	0
69	0
228	71
46	0
278	0
22	0
49	0
58	0
28	0
28	14
89	1
6	0
18	0
1	0
44	0
23	0
4	3
0	3
13	0
8	0
52	0
11	0
20	0
7	0
10	0
39	0
1	0
30	0
6	0
20	0
1	0
69	0
34	0
10	0
17	0
10	0
18	0
75	0
20	0
119	0
53	0
35	0
24	0
129	0
18	0
18	0
106	0
86	0
232	0
10	0
60	0
0	325
192	0
19	0
1	0
2	0
1	0
11	2
0	7
0	0
0	0
0	37
27	0
37	0
131	0
91	0
17	0
41	0
26	0
210	3
2401	0
1356	0
311	0
93	0
52	0
24	0
19	0
20	0
19	0
69	0
39	0
37	0
24	0
324	0
53	0
68	0
255	0
8	0
12	0
268	0
46	0
296	0
347	8
1	0
39	8
95	0
38	0
2247	1
11	0
39	0
61	0
69	0
47	0
25	0
29	0
1	0
4	10
137	0
204	0
104	0
41	0
90	40
77	0
31	0
19	0
75	0
1564	0
86	0
18	0
205	0
8	0
13	0
22	0
7	0
126	1104
207	1765
0	0
0	0
9	0
0	20
0	19
222	0
363	0
103	0
43	0
27	0
103	0
10	0
346	0
63	0
51	0
5	0
202	0
88	0
25	18
21	0
37	0
243	0
31	0
27	0
61	0
376	0
46	0
60	0
89	0
148	0
152	0
48	0
46	0
137	0
275	0
46	0
28	0
230	0
43	0
213	0
159	0
255	0
87	0
4	18
33	0
22	0
23	0
73	0
322	0
148	0
30	0
88	0
130	0
39	0
148	0
42	0
295	0
5992	0
387	0
103	0
122	20
124	0
60	0
37	0
25	3
30	0
171	0
122	0
10	0
257	0
15	5
3058	0
109	0
116	0
116	0
19	0
71	0
76	0
154	246
35	0
5	0
37	0
108	0
136	0
188	0
241	15
76	0
37	0
0	0
67	0
18	0
358	0
48	0
76	0
604	0
65	0
85	0
183	0
40	0
26	0
122	0
52	0
106	0
25	0
34	539
2627	0
10	0
114	0
14	0
19	0
88	0
123	0
99	0
20	0
58	0
33	0
19	0
192	115
23	0
15	0
92	0
10	0
132	0
44	0
176	0
171	0
15	0
24	0
26	0
93	0
47	0
274	27
50	0
399	0
11	0
81	0
18	0
0	200
8	0
19	0
365	0
78	0
78	0
45	0
26	0
18	26
27	0
99	0
21	0
2571	0
187	0
18	0
0	0
65	0
186	0
18	0
22	0
140	0
166	0
0	52
92	0
57	0
49	0
210	0
321	0
199	0
67	0
39	0
180	0
8	0
29	0
85	0
25	0
80	0
56	0
209	0
542	0
352	0
3	0
14	0
275	0
11	0
5	0
2	0
32	0
5	0
0	25
0	721
61	253
191	0
23	0
62	0
3	0
63	0
95	0
10	0
58	0
33	0
16	0
22	0
16	0
255	0
49	0
27	0
2	0
61	0
38	0
489	0
1	0
65	0
156	0
64	0
24	0
162	0
58	0
24	0
281	0
92	0
396	0
51	82
656	0
27	0
119	0
53	0
41	0
29	0
4	0
4	0
4	0
0	11
17	0
38	88
0	70
1	583
38	0
12	0
28	0
59	0
17	0
187	0
151	0
799	0
203	0
269	2
27	0
17	0
11	0
3	0
16	0
80	0
65	0
256	0
134	0
74	0
343	0
4	0
141	0
34	0
41	0
52	0
1135	0
148	0
68	0
72	0
40	0
35	0
29	0
22	0
16	0
34	0
507	0
38	0
37	0
10	0
14	0
101	0
184	39
43	39
30	0
9	0
25	0
11	0
331	0
98	0
337	0
55	0
0	862
0	34
22	34
69	0
16	0
49	0
46	0
16	0
8	0
33	0
139	0
18	0
41	8
4	0
70	0
33	0
13	0
939	0
31	0
86	0
53	0
33	0
42	0
151	0
51	0
53	0
164	0
73	0
373	0
23	0
18	0
11	0
28	0
684	0
65	0
45	0
167	0
43	0
111	44
36	5
27	1
220	0
72	0
320	0
27	0
9	0
85	0
156	0
346	0
5	0
38	0
93	0
59	0
10	0
46	0
40	0
93	0
161	0
84	0
28	0
16	0
68	0
6	0
85	0
18	0
89	0
39	0
6	0
11	0
3	0
12	0
16	0
8	0
23	0
75	0
35	0
20	0
98	0
4	0
25	0
565	0
1	11
66	0
86	306
25	0
16	0
154	0
3	0
695	0
58	0
10	0
32	0
31	0
16	0
118	0
4	0
50	0
45	0
25	0
5	0
104	0
43	0
22	0
118	0
620	0
45	0
103	0
143	0
31	0
12	0
16	0
25	0
29	0
39	0
13	0
46	466
21	0
222	0
14	0
18	0
223	0
50	0
13	0
142	0
10	0
1	0
26	0
22	0
55	0
3	0
159	0
24	0
35	0
362	0
39	0
84	0
78	0
25	0
88	0
55	0
150	0
42	0
30	0
46	258
19	0
145	0
47	0
33	0
98	0
21	0
11	0
4	31
3	0
0	4
0	33
23	11
0	119
0	636
26	0
40	0
22	0
27	0
120	0
13	0
20	0
33	0
23	0
13	0
4	0
52	0
47	0
14	0
42	0
125	0
156	259
34	0
13	0
40	0
56	0
35	0
43	0
66	0
77	0
0	0
183	0
202	0
211	0
105	0
80	0
148	0
14	0
62	0
35	0
63	0
92	0
22	0
59	0
37	0
350	0
80	0
250	0
74	0
16	0
45	0
127	0
260	93
25	0
34	0
372	0
13	0
1	154
9	0
171	0
105	0
30	0
134	0
18	0
35	0
60	0
31	246
130	0
13	0
17	0
26	0
162	8
1377	0
90	0
126	0
231	0
18	0
52	0
38	0
61	0
156	0
105	0
5	0
27	0
26	0
34	0
54	0
96	0
28	0
19	0
82	0
112	0
34	0
104	0
3	0
29	0
19	0
134	42
26	0
448	0
119	0
102	0
23	0
81	0
351	0
33	0
14	0
258	0
238	0
9	0
49	0
416	0
41	0
36	0
38	0
78	0
44	0
901	0
328	0
80	0
24	0
155	0
68	1
17	0
9	0
137	4
5	0
56	0
1243	0
108	0
139	0
17	0
34	0
130	0
202	0
101	0
13	0
59	0
54	0
235	117
307	0
26	0
112	0
30	0
58	0
49	0
396	0
45	0
73	0
18	0
21	0
36	0
79	0
69	0
20	0
38	0
15	0
6	20
2	7
0	22
4	6
0	545
33	0
83	0
92	0
123	0
19	0
231	0
30	0
17	0
3	0
54	0
48	0
30	0
0	0
35	0
23	0
84	0
125	0
33	0
16397	0
41	0
68	0
39	0
97	0
9	0
13	0
9	0
21	0
20	0
10	0
26	0
15	0
53	0
89	0
96	0
38	0
186	0
41	0
90	17
0	11
9	0
384	0
315	0
78	0
66	0
338	0
77	253
73	0
47	0
149	0
262	0
12	0
116	0
97	0
29	0
72	0
943	0
69	0
12	0
17	0
192	0
14	0
69	0
226	0
28	0
65	0
289	0
19	0
100	0
17	0
236	0
14	0
50	0
406	0
3	0
163	0
67	0
56	0
73	0
30	0
291	0
22	0
93	0
31	0
40	0
26	0
49	0
20	0
27	0
1449	0
6	0
363	0
64	0
25	0
39	0
2326	0
39	0
228	0
158	0
401	0
344	0
251	0
38	0
40	0
11	0
41	0
21	0
328	0
72	0
69	0
72	0
13	0
123	0
147	0
48	3
310	0
3	0
2692	0
11	0
206	0
80	0
61	0
21	0
117	0
46	0
41	0
163	0
27	0
93	0
20	0
19	0
230	0
202	0
548	0
73	8
107	0
18	0
21	0
41	0
1060	0
79	0
128	0
43	0
64	0
28	0
233	0
24	0
18	0
43	0
139	0
101	0
68	0
106	0
25	0
17	0
230	0
16	0
30	0
40	0
38	0
80	0
62	0
102	0
24	1
133	0
535	0
570	0
49	0
23	0
240	0
194	0
988	0
12	0
1041	0
236	0
680	0
44	0
88	0
130	0
146	0
17	0
310	0
6	0
12	0
622	222
491	222
45	0
20	0
42	0
29	0
48	0
82	0
162	0
29	0
38	0
98	0
40	0
11	0
112	0
219	27
46	0
316	0
44	0
15	0
165	0
76	0
2	0
38	0
28	0
28	0
27	0
245	0
127	0
42	0
1066	0
59	0
23	0
13	0
768	0
88	0
127	0
24	0
44	0
67	0
6	0
21	0
298	0
66	0
53	0
124	0
37	0
26	0
29	0
171	0
16	0
6	19
10	0
34	0
104	0
0	14
160	0
110	0
35	0
26	0
19	0
67	0
49	0
111	0
72	0
57	0
505	0
136	0
113	0
174	0
569	0
16	0
152	0
13	0
9	0
40	0
29	0
111	0
28	0
15	0
8	0
14	0
75	0
72	0
10	0
131	0
70	0
21	0
22	0
54	0
447	0
9	0
275	0
56	0
15	0
5	0
307	0
119	0
232	0
22	0
39	0
15	0
24	0
250	0
23	0
45	0
104	0
261	0
15	730
11	0
59	0
43	0
57	0
47	0
70	0
168	0
219	0
41	0
241	0
13	0
530	0
97	14
36	0
548	0
227	0
34	0
22	0
27	0
51	0
45	0
44	0
23	0
28	0
85	0
54	0
33	0
36	0
139	0
17	0
22	0
24	0
178	0
171	139
793	0
135	0
215	0
50	0
66	0
228	0
34	0
27	0
27	0
10	0
2	12
0	10
1	1
0	101
0	20
0	152
0	32
0	26
97	752
0	74
0	5
4	20
0	8
0	0
0	0
0	0
0	0
4	0
23	0
40	0
69	0
26	0
29	0
103	0
16	0
73	0
66	0
7	0
1442	0
300	0
145	0
217	0
23	0
102	0
142	0
584	0
249	0
32	0
33	0
26	0
16	0
21	0
92	1
136	0
64	0
96	0
6	1
626	0
19	0
599	0
4499	0
82	0
2	0
3	0
9	5
42	5
120	0
268	0
65	0
162	0
17	0
64	0
18	0
64	0
58	0
152	0
455	0
18	0
139	0
64	0
5	0
100	0
513	0
144	0
5	0
55	0
111	0
302	0
949	1
383	0
19	0
135	1
18	0
72	0
9	0
40	0
1	0
14	0
52	0
80	0
1178	0
110	0
1	0
5241	0
21	0
10	24
38	0
100	0
86	0
37	0
564	0
115	0
23	0
8	0
307	0
38	0
6	0
50	0
31	0
290	0
272	0
123	0
232	0
2268	0
4	0
0	0
1	0
17	5
2664	0
6	0
762	0
36	0
282	0
143	259
213	0
94	0
56	0
27	0
205	0
112	93
0	0
0	0
1	9
0	4
0	4
0	7
0	267
5	1457
0	135
0	94
3	557
0	0
0	8
208	169
224	119
147	0
26	0
41	0
65	0
420	0
327	0
43	0
880	0
27	0
59	13
35	0
38	0
51	0
58	0
9	0
13	0
446	0
568	0
125	0
373	0
77	0
188	0
63	0
114	0
118	0
61	0
175	0
12	0
156	0
29	0
13	0
16	0
103	0
23	0
12	0
32	0
21	0
30	0
51	0
561	0
8	0
26	0
40	0
111	0
50	0
389	0
105	0
17	0
558	0
232	0
61	0
221	3
6	0
33	0
152	0
328	0
311	0
15	0
1582	0
251	0
31	0
185	0
421	0
64	0
48	0
269	0
302	0
26	0
178	0
53	60
116	50
191	0
16	0
77	0
4	0
94	0
34	0
23	0
124	0
63	0
22	0
222	0
273	0
11	0
325	0
158	0
40	0
39	0
23	0
23	0
31	0
51	0
21	0
26	0
14	0
590	0
14	0
56	0
76	0
6	0
126	0
25	0
37	0
11	0
65	0
26	0
168	0
14	0
409	0
134	0
1700	0
12	0
122	0
34	0
255	25
92	44
168	0
33	0
181	21
9	821
34	0
32	646
241	4
13	0
30	0
499	0
12	0
25	0
132	0
27	0
148	0
10	0
583	0
77	0
71	0
27	0
92	0
23	0
38	0
23	0
38	0
70	0
186	0
92	0
27	0
84	0
23	0
22	0
807	0
41	0
98	0
733	0
65	0
319	0
43	0
27	0
8	0
84	0
17	0
62	0
396	0
95	44
21	0
13	821
603	0
9	0
69	21
26	0
85	0
17	646
201	4
21	0
81	0
229	0
52	0
79	0
50	0
10	0
39	0
59	0
19	0
1275	0
207	0
70	0
90	0
102	0
10	0
25	0
5	0
102	0
146	0
73	0
205	0
19	0
7	0
7	0
12	0
11	0
31	0
836	0
29	0
117	0
16	0
9	0
65	230
128	0
111	0
41	0
20	0
163	0
20	0
50	0
44	0
17	0
155	0
47	0
1	0
197	39
0	9
0	131
0	92
0	26
6	486
656	0
436	0
34	0
27	0
47	0
109	0
43	0
12	0
309	0
62	380
14	0
18	0
10	0
89	0
18	0
110	0
7	0
20	0
28	0
140	0
122	39
56	0
106	0
301	0
101	0
111	0
215	0
429	0
289	0
140	0
86	0
239	0
33	63
0	63
22	63
74	0
10	0
195	0
72	0
11	0
6	0
100	0
54	0
1261	0
53	0
148	0
196	0
743	0
101	0
52	0
67	0
101	0
148	0
59	0
67	0
59	0
338	0
13	0
5	0
23	0
69	0
199	0
1968	0
120	0
55	0
77	0
554	0
24	0
23	0
1231	0
16	0
315	0
65	0
70	0
20	0
73	0
18	0
512	0
235	0
15	0
136	0
44	0
18	0
23	0
71	0
90	0
334	0
41	0
53	0
741	1
32	0
27	0
17	0
67	0
78	0
5	0
23	0
24	0
12	0
20	0
27	0
18	0
6	3
66	3
126	0
37	0
12	0
31	0
70	0
46	0
121	0
9	0
25	0
26	0
18	0
237	0
58	0
321	0
27	0
15	0
9	0
174	0
20	0
40	0
59	0
29	0
84	0
21	0
58	0
14	0
99	4
32	0
17	0
642	0
980	0
72	0
40	0
124	0
963	0
11	0
247	0
195	0
20	0
22	0
8	0
65	0
27	0
27	0
79	0
84	0
145	0
72	0
325	1
3465	0
110	0
129	0
358	0
41	0
96	0
281	0
390	0
18	0
11	0
37	0
49	0
91	0
19	0
19	0
33	0
308	0
162	0
53	0
82	0
11	0
8	0
347	0
100	0
122	0
91	0
13	0
189	0
15	0
92	0
83	0
33	0
32	0
46	0
175	0
0	11
102	0
137	0
40	0
207	0
376	0
93	0
6	0
167	0
37	0
20	0
20	0
744	6
386	81
261	0
203	0
55	0
83	0
311	0
331	0
276	0
57	0
21	0
16	0
89	0
186	0
57	0
26	0
62	0
27	0
115	0
91	0
55	0
241	0
47	0
16	0
207	0
12	0
403	0
130	0
174	0
34	0
15	0
5629	0
139	0
15	0
102	0
68	0
23	0
35	0
19	0
62	0
13	0
15	0
52	0
220	0
150	0
58	0
804	0
62	0
22	0
33	0
3	0
6	0
174	0
76	0
20	0
18	0
12	0
25	0
89	1
54	0
35	0
639	0
148	0
80	0
111	0
156	0
351	0
61	1
28	0
66	0
53	0
24	0
149	0
41	0
168	0
45	0
10	0
47	0
132	0
63	0
32	8
109	0
13	0
12	0
171	0
10	0
38	0
17	0
63	0
7	0
91	0
26	0
31	0
39	0
114	0
71	0
194	0
84	0
41	0
30	0
54	0
194	0
345	0
31	0
116	0
28	0
64	0
131	0
402	2934
259	2934
594	516
197	0
76	0
49	0
56	0
57	0
52	0
14	0
115	0
45	0
405	0
110	0
215	0
101	0
100	0
51	0
94	0
22	0
115	0
67	57
48	0
104	0
35	0
17	0
15	0
87	0
50	0
3	0
67	0
43	0
345	0
46	0
82	0
19	0
277	0
226	0
21	0
14	0
29	579
29	0
42	0
347	0
58	0
79	0
11	0
45	0
63	0
354	0
62	0
39	0
53	0
72	0
19	0
24	0
212	0
39	0
207	0
326	0
58	0
49	0
36	0
24	0
64	0
47	0
14	0
24	0
31	0
230	40
20	0
75	0
75	0
65	0
41	0
101	0
48	0
239	0
5	0
225	0
144	0
443	0
30	0
40	0
32	0
3	0
25	0
15	0
29	0
26	0
38	0
80	0
9	0
312	147
24	0
6	0
149	113
30	0
496	0
16	0
41	0
216	0
398	0
130	0
12	0
50	0
53	0
43	0
263	0
240	0
14	0
63	0
30	0
20	0
59	0
135	2
71	0
121	0
53	0
12	0
76	0
16	0
109	0
15	0
114	0
37	0
174	0
26	0
222	0
54	0
291	0
8	0
12	0
99	0
56	0
50	0
158	0
139	0
66	0
256	0
26	0
37	0
355	69
6	0
53	0
11	0
38	0
172	0
10	0
112	0
13	0
174	0
107	0
121	0
571	0
23	0
109	0
276	0
22	0
41	0
25	0
33	0
5	0
18	0
47	0
227	0
52	0
2587	0
84	0
34	0
86	0
928	0
13	0
172	0
7	0
52	0
12	0
12	0
0	12
0	839
36	0
0	19
28	0
30	23
10	0
0	1721
52	0
52	0
31	0
33	0
45	0
33	0
19	0
559	0
1498	53
184	0
35	0
358	0
87	0
107	0
92	0
0	0
25	0
13	0
20	0
55	0
48	0
22	0
115	0
45	0
31	0
184	0
31	0
53	0
33	0
231	0
265	58
2	0
8	0
18	0
197	0
774	0
112	0
23	0
128	0
32	0
43	0
118	0
27	0
326	0
168	0
38	0
0	1
0	0
343	0
165	0
44	0
15	0
57	0
136	0
21	0
22	0
650	32
3	0
25	0
36	0
92	0
43	0
93	0
16	0
71	0
315	0
31	0
78	163
98	0
154	0
10	0
46	0
8	0
58	0
31	0
58	0
12	0
132	0
71	0
6	0
20	0
29	0
66	0
73	0
72	0
65	0
230	0
40	0
21	0
52	0
27	0
7	0
403	0
15	0
112	0
47	0
49	0
85	0
66	0
24	0
36	0
23	0
49	0
69	0
54	0
134	0
34	0
43	0
227	0
90	0
313	0
25	0
80	0
8	0
36	0
13	0
78	0
25	0
61	0
326	0
36	0
6	286
30	0
171	0
5	0
30	0
115	0
62	0
26	0
55	0
31	0
35	0
7	0
65	28
130	0
198	0
87	0
75	0
27	0
8	0
298	0
13	0
4	0
10	0
36	0
39	0
1	0
282	0
58	0
37	0
186	27
90	27
13	0
6	0
29	0
47	0
717	0
40	0
9	0
23	0
184	0
69	0
203	0
59	0
47	0
136	0
13	0
418	0
418	0
687	27
87	0
1305	0
0	34
0	16
33	0
152	0
82	0
130	0
57	0
151	0
52	0
116	0
158	0
8	0
469	0
235	0
44	0
96	0
30	0
20	0
11	0
43	0
58	0
35	0
345	0
26	0
45	0
163	0
22	0
46	0
72	0
61	0
60	0
79	0
145	0
81	0
7	0
68	0
20	0
74	0
42	0
1	2
20	2
10	0
77	0
1	0
22	0
20	0
11	0
118	0
233	0
28	0
22	0
66	0
2	23
28	0
12	0
141	0
25	0
8	0
17	0
9	0
10	0
0	1
9	17
1	0
0	13
5	0
7	0
50	0
40	0
22	0
6	0
105	0
13	0
18	0
806	0
362	0
20	0
21	0
124	0
70	0
9	0
4	0
37	29
69	0
96	0
50	0
69	0
34	0
154	0
483	1
81	0
32	0
40	0
7	2
1313	3
53	0
149	97
48	0
5	0
74	0
13	0
8	0
40	0
50	0
579	0
23	0
25	0
83	0
127	0
14	0
16	0
80	0
36	0
8	0
65	0
7	0
18	0
3	0
85	0
99	0
15	0
36	0
23	0
38	0
60	0
12	0
232	0
19	0
158	0
12	0
29	0
67	0
20	0
21	0
60	0
32	0
16	0
74	0
169	0
88	0
55	262
767	0
30	0
60	0
119	0
33	0
12	0
47	0
77	0
270	0
56	0
13	0
78	0
54	0
45	0
65	0
40	0
70	0
189	0
17	0
47	0
183	0
22	0
6	0
54	0
42	0
37	0
35	0
437	0
25	0
177	288
66	0
15	0
20	0
4	0
11	0
185	4
270	0
12	0
51	0
10	0
33	0
1046	0
7	0
179	0
8	0
40	0
276	0
53	0
54	104
38	0
28	0
5238	0
113	0
9	0
71	0
15	0
61	0
397	58
18	0
65	0
31	0
37	0
21	0
148	0
28	0
58	0
13	0
49	0
134	0
113	0
67	0
65	0
28	0
159	0
32	0
8	0
67	0
24	0
10	0
18	0
88	0
128	0
9	0
112	0
14	0
521	0
29	0
448	0
273	0
75	0
620	0
16	0
31	0
176	0
41	0
1521	1427
59	0
109	0
26	0
93	0
58	0
54	0
81	0
48	0
36	0
192	0
10	0
322	0
85	0
43	0
92	0
17	0
752	0
59	0
228	0
11	0
10	0
158	14
104	0
38	0
54	0
405	0
90	0
25	0
60	0
60	0
9	0
11	0
30	0
248	0
9	0
166	0
85	0
60	0
565	0
135	0
669	0
167	0
47	0
43	0
444	0
100	0
459	0
125	0
55	0
113	0
30	0
231	0
36	0
364	0
48	0
46	0
309	0
707	466
259	0
165	0
22	0
104	0
52	0
75	0
16	0
24	0
75	0
40	0
144	0
18	0
520	0
53	0
3	0
113	0
61	0
119	0
43	0
26	0
1543	0
175	0
365	0
708	0
14	0
47	0
292	0
32	0
7	4
0	0
0	0
0	32
0	13
0	446
0	770
803	0
273	0
5	0
0	142
0	0
0	0
253	0
87	0
35	0
17	0
335	0
29	0
72	0
23	0
6	0
41	0
21	0
157	0
99	0
20	0
754	0
25	0
20	0
16	0
328	0
1	0
2	0
60	0
23	0
61	0
80	0
1733	0
47	0
79	0
3	0
9	0
34	0
82	0
194	0
2	0
31	0
74	0
15	0
35	0
51	0
51	0
81	0
31	0
459	471
45	0
63	0
190	0
23	0
68	0
7	0
17	0
153	0
31	0
34	0
94	0
22	0
144	0
51	0
25	0
68	0
30	0
6	0
86	0
90	0
135	23
68	9
43	0
109	0
72	0
59	0
79	0
26	0
136	0
20	0
18	0
90	0
192	0
41	0
51	0
106	0
55	0
242	0
62	0
96	0
42	0
79	0
38	0
83	0
317	0
372	0
156	0
83	0
14	0
16	0
19	0
11	0
47	0
27	0
131	0
133	0
0	0
0	0
57	0
114	0
82	0
8	0
39	0
13	0
279	3
53	0
11	0
14	0
17	0
89	0
159	0
1175	0
99	0
37	0
28	0
30	0
539	0
117	0
73	730
14	0
250	0
166	79
54	0
345	0
12	0
22	0
15	0
56	0
8	0
567	0
60	0
113	0
245	0
46	0
20	0
378	18
480	18
3	0
72	0
22	0
128	0
175	0
381	0
2557	0
242	0
60	0
6	0
184	0
149	0
39	0
152	0
78	0
145	27
56	0
22	0
60	0
28	0
36	0
29	0
20	0
45	0
31	0
494	0
119	12
56	71
48	0
8	0
17	0
46	0
82	0
23	0
88	0
57	0
22	0
25	0
38	0
107	0
156	0
34	0
45	0
36	0
9	0
8	0
8	0
3	0
24	0
11	0
2	4
0	22
0	562
77	0
38	0
30	0
21	0
69	0
29	0
35	0
50	0
406	1459
19	0
230	0
11	0
18	0
24	0
119	0
35	0
303	0
27	0
22	0
13	0
9	0
11	0
27	0
0	0
0	255
0	0
0	2
17	0
40	0
30	0
50	0
86	0
69	0
21	0
114	0
38	0
24	0
27	0
16	0
36	0
1103	0
45	0
48	8
353	1
51	0
55	0
82	0
98	0
19	0
23	0
18	0
27	0
19	0
47	0
522	0
31	0
94	0
13	0
20	0
88	0
65	0
161	0
14	0
56	0
16	0
55	0
131	0
97	0
21	0
60	0
135	0
505	0
14	0
5	3
127	3
16	0
24	0
23	0
323	0
25	0
28	0
61	0
95	0
124	0
49	0
16	0
35	0
174	3
107	0
520	0
9	0
41	0
9	0
31	0
81	0
12	0
107	0
517	0
92	0
9	0
23	0
3	0
144	0
50	0
60	0
47	0
92	0
36	0
33	0
247	0
63	0
18	0
160	0
3479	0
70	0
346	0
6	0
69	0
95	0
315	0
12	0
101	0
20	0
31	0
50	0
170	0
8	0
17	0
702	0
141	0
341	0
57	0
23	0
28	0
78	0
78	0
47	258
6	0
23	0
40	0
1	0
42	0
146	0
7	0
11	0
28	1
0	11
0	129
1	92
0	26
11	527
138	0
14	0
52	0
19	0
83	0
21	0
39	0
67	0
720	0
55	0
21	0
40	0
233	0
37	0
92	0
324	0
481	0
175	0
25	0
146	0
721	2469
3	3
9519	0
284	0
510	0
333	0
59	0
56	0
18	0
33	0
13	0
35	0
17	0
2188	1
1076	0
378	0
35	0
90	0
186	82
75	0
413	0
14	0
331	0
29	0
4	0
24	0
36	0
534	0
88	0
18	0
39	0
16	0
45	0
58	0
0	0
0	3
0	832
0	606
97	0
42	0
67	0
23	0
54	0
84	0
71	0
29	0
65	0
15	0
5	0
0	0
0	0
15	0
37	0
18	0
28	0
44	0
112	0
23	0
21	0
19	0
44	0
108	0
199	0
43	0
215	0
191	0
212	45
10	0
11	0
56	0
75	0
44	0
38	0
3	0
6	2
428	0
51	0
15	0
11	0
388	0
512	6
126	0
25	0
14	0
111	14
53	0
54	0
32	0
20	0
47	0
8	0
25	0
47	0
25	0
117	0
64	0
42	0
203	0
2	0
251	0
16	0
35	0
55	0
45	0
140	0
10	0
56	0
40	0
11	0
53	0
1005	0
52	0
27	0
172	0
47	0
10	0
12	0
40	0
32	0
30	0
123	0
180	0
19	0
82	0
34	0
2	0
567	0
55	0
67	0
88	0
48	0
56	0
8	0
54	0
35	0
31	0
18	0
49	0
46	0
407	0
29	0
19	0
561	0
4537	0
107	0
52	0
87	0
18	0
42	0
45	0
41	0
83	0
63	0
4	0
11	0
16	0
8	0
41	0
23	0
48	0
5	0
52	0
115	6
25	0
4	0
16	0
146	0
24	0
21	0
837	0
15	0
42	0
31	0
17	0
31	0
40	0
243	0
188	0
12	0
37	0
137	0
25	0
0	0
0	0
4	3665
104	0
9	0
28	0
51	0
926	66
198	0
34	0
27	0
10	0
155	0
171	12
76	0
285	0
1279	0
162	0
31	0
32	0
87	0
14	0
267	69
17	0
93	0
21	0
224	0
153	0
30	0
145	0
115	0
59	0
54	0
64	0
108	0
25	0
26	0
129	0
193	0
249	0
47	0
164	0
53	0
88	0
43	0
15	0
16	0
8	0
7	0
15	0
20	0
257	0
101	0
200	0
76	0
33	0
22	0
475	0
37	0
159	0
54	0
41	0
27	0
81	0
12	0
10	0
13	0
61	8
56	0
21	0
43	0
65	0
8	0
18	0
146	0
13	0
39	0
407	0
369	0
688	0
67	0
25	0
33	0
81	0
256	7
346	0
668	0
549	0
58	0
0	14
17	14
40	0
33	0
4	0
11	0
15	0
45	0
406	0
32	0
17	0
26	0
19	0
9	0
52	0
33	0
108	0
3	0
47	0
21	0
19	0
481	0
17	0
458	610
11	0
35	0
94	0
17	0
49	0
125	0
415	0
217	0
83	0
59	0
269	0
61	0
1548	0
1197	0
108	0
30	0
3	0
1	0
307	0
252	0
123	0
59	0
15	0
126	0
5	0
8	0
15	0
34	0
50	0
37	0
16	0
87	0
339	0
25	0
2185	0
29	0
5	0
214	0
83	20
169	1
167	0
61	0
49	0
211	0
15	0
853	3
54	0
101	97
143	0
28	0
82	0
73	0
211	0
30	0
39	0
33	0
111	0
317	0
140	0
36	34
93	0
51	0
17	0
24	0
4	0
35	0
117	12
29	0
24	0
68	0
83	0
34	0
59	0
217	0
13	0
229	0
112	0
38	0
22	0
66	0
85	0
95	0
3	0
41	0
178	0
172	3
171	0
145	0
32	0
8	0
74	0
390	0
30	0
17	0
86	0
434	0
16	0
64	0
12	0
15	0
79	0
40	0
22	0
42	0
95	0
197	0
46	0
8	0
59	0
0	0
31	0
21	0
68	0
16	0
96	0
122	0
45	0
17	0
55	0
9	0
80	0
48	0
211	0
14	0
70	15
34	0
20	0
83	0
40	0
163	0
75	0
19	0
261	44
67	0
7	0
0	0
34	0
116	0
87	7
62	0
49	0
92	0
13	0
12	0
367	0
132	0
10	0
22	0
24	0
0	2
1	7
0	34
0	782
94	0
38	0
6	0
290	0
25	0
113	0
284	0
35	0
231	0
118	0
15	0
178	0
32	0
20	0
29	0
112	0
83	0
66	0
9	0
46	0
22	0
29	0
18	0
136	147
115	0
65	113
31	0
1501	0
26	0
182	0
74	0
29	0
150	0
145	0
21	0
14	0
20	0
0	199
32	0
431	0
13	0
0	142
14	0
3	0
175	0
98	0
19	0
29	0
34	0
32	0
203	0
62	0
27	4
165	0
155	0
192	0
13	0
31	0
64	0
282	44
10	0
78	0
26	0
34	0
31	0
61	0
171	0
141	0
690	0
219	7
279	0
29	0
51	0
13	0
152	0
40	0
8	0
166	0
31	0
5	0
68	0
50	0
324	0
74	0
1181	0
149	0
82	0
25	0
8	0
22	0
38	0
22	0
47	0
731	0
40	0
19	0
79	0
31	0
29	0
91	0
11	0
18	0
36	0
182	0
64	0
20	0
5	0
57	0
62	0
20	0
222	0
29	0
104	0
479	0
31	0
0	16
49	0
123	0
102	0
38	0
398	0
171	0
597	0
599	0
0	889
54	0
438	0
12	0
97	0
128	0
51	0
64	0
390	0
46	0
13	0
529	0
21	0
93	0
63	0
26	0
11	0
8	0
36	0
88	0
16	0
68	0
27	0
47	0
16	0
21	0
168	0
79	0
82	0
308	0
546	0
18	0
74	0
15	0
17	0
38	0
48	0
30	0
283	0
84	0
40	0
4	0
88	0
121	0
0	6
0	4
142	0
13	0
55	0
0	52
0	0
18	0
41	0
124	0
5	0
58	0
17	0
8	0
43	0
100	0
95	0
6	0
41	0
7	0
63	0
58	0
35	0
7	0
89	0
105	0
298	0
27	0
106	0
81	37
77	0
48	0
35	0
28	0
50	0
490	0
258	0
3	0
13	0
132	0
29	0
46	0
666	0
902	0
94	0
61	0
18	0
9	0
4	0
16	0
44	0
66	0
75	0
184	0
12	0
149	0
73	0
712	0
16	0
24	0
261	0
69	0
305	0
21	0
29	0
16	0
90	0
95	0
217	0
5	0
99	0
65	0
70	0
65	45
38	0
196	0
81	0
17	0
17	0
104	0
106	0
15	0
41	0
8	0
14	0
18	0
67	0
175	0
15	0
6	0
75	0
101	0
272	60
224	50
7	0
503	0
82	0
15	24
0	24
63	0
36	0
101	0
33	0
22	0
30	0
26	0
77	0
44	0
16	0
45	0
20	0
62	0
31	0
29	4
77	0
13	0
26	0
21	0
116	85
17	85
83	0
63	0
1685	0
124	0
2768	0
114	0
26	0
132	0
46	0
56	0
300	0
33	0
31	0
47	0
70	0
4298	2478
10	0
303	0
153	0
105	0
123	0
51	0
211	0
119	140
273	0
418	0
58	0
20	0
28	0
69	0
61	0
25	0
109	0
28	0
275	0
40	0
109	0
21	0
20	0
100	0
18	0
45	0
65	0
41	0
40	0
91	0
74	0
33	0
251	0
33	0
25	0
29	0
17	0
23	0
64	0
206	0
112	0
21	0
137	0
217	21
35	0
10	0
24	0
31	0
36	0
31	0
39	0
66	0
11	0
32	0
76	0
152	118
87	0
73	0
3	0
24	0
73	0
272	0
13	0
7937	0
39	0
111	0
183	0
992	0
60	0
29	0
38	0
102	0
117	0
15	0
21	0
38	0
29	0
228	0
19	0
14	0
50	0
23	0
78	0
165	0
89	0
13	0
40	0
37	0
56	0
150	0
21	0
578	0
39	0
70	0
25	0
28	0
47	0
169	0
59	0
43	0
6	0
29	0
237	0
45	0
36	0
34	0
298	0
100	0
502	0
145	0
28	0
53	0
63	0
326	0
12	31
289	0
229	0
70	0
260	0
59	0
59	0
25	0
856	0
20	0
166	0
146	0
154	0
32	10
56	0
39	0
35	0
0	17
3	21
0	39
0	11
71	0
138	0
23	0
91	0
195	0
52	0
1994	0
33	0
22	0
92	0
29	0
21	0
252	0
515	0
233	0
1	12
0	10
47	0
29	0
20	0
40	0
10	0
13	0
39	0
53	0
26	0
316	712
343	313
24	0
0	10
1	12
7	0
627	0
965	0
24	0
210	0
9	0
36	0
21	0
35	0
61	0
29	0
20	0
36	0
23	0
71	0
65	0
448	0
19	0
83	0
1922	0
19	0
38	0
165	0
60	0
19	0
35	0
280	0
17	0
37	0
76	28
46	0
147	4
136	0
172	0
5	0
111	0
78	0
23	0
47	0
223	0
44	0
862	0
43	0
90	0
27	0
40	0
184	0
51	0
10	0
77	0
212	0
22	0
429	0
24	0
16	0
33	0
23	0
110	32
63	0
161	0
50	0
113	0
65	0
76	0
488	0
655	0
20	0
27	0
29	0
75	0
13	0
44	0
49	0
278	0
27	0
422	0
193	0
16	0
726	0
45	0
175	0
22	0
206	0
35	0
32	0
11	0
17	0
35	0
69	0
77	0
99	0
932	0
178	0
162	0
144	0
182	0
55	32
52	0
211	0
357	0
20	0
1	0
224	0
6	0
113	0
45	0
31	0
21	0
105	0
236	0
121	5
241	0
7	0
28	0
3222	0
41	0
109	306
45	0
20	0
16	0
44	0
125	0
19	0
33	0
45	0
257	0
68	0
52	0
62	0
403	0
378	0
104	0
21	0
260	0
54	1
278	0
5	0
37	0
103	0
219	0
96	0
119	0
130	0
145	0
249	0
15	0
61	0
98	0
492	0
46	0
8	0
15	0
38	0
29	0
626	0
152	231
0	0
15	0
129	0
76	0
10	0
67	0
86	0
253	0
30	0
53	0
199	0
52	0
15	0
66	0
40	0
87	0
83	0
54	0
29	0
413	0
60	0
48	0
136	0
44	0
28	0
52	0
90	0
45	0
226	0
79	0
101	0
292	0
54	0
34	0
77	0
19	0
21	0
73	0
165	0
72	0
14	0
26	0
282	0
27	0
74	0
86	0
39	0
2	0
23	0
140	0
22	0
20	0
71	0
75	0
176	1
4	0
15	1
840	0
76	0
82	0
377	0
57	0
595	0
41	0
9	0
16	0
58	0
6	0
25	0
106	0
13	0
65	0
45	0
35	0
19	0
11	0
23	0
29	0
53	0
39	0
110	0
27	0
43	0
5	0
38	139
135	125
15	0
299	0
177	0
32	0
219	0
13	0
27	0
55	0
37	0
26	0
16	0
62	0
11	0
25	0
6	0
6	0
51	0
239	0
53	0
24	0
11	0
131	0
5	0
44	0
70	0
8	0
0	7
0	20
1	5
0	74
3	656
0	775
1311	0
45	0
8	0
4	0
121	0
38	0
26	0
17	0
32	0
30	0
21	0
50	0
66	0
14	0
381	0
83	0
231	0
51	0
42	0
61	0
142	0
38	0
72	0
18	0
2	0
93	0
30	0
57	0
100	0
27	0
28	0
45	0
129	0
206	0
38	0
22	0
33	0
17	0
20	0
26	0
25	0
109	0
13	0
129	0
9	0
18	0
100	0
645	0
41	0
37	0
38	0
65	0
16	0
3	0
10	0
8	0
7	0
6	0
2	0
11	0
39	0
61	9
35	0
288	0
60	0
23	0
17	0
2306	0
591	1105
1515	1765
59	0
11	0
29	0
38	0
13	0
139	0
76	0
363	0
16	0
11	0
15	0
21	0
125	0
50	0
85	0
3	0
17	0
179	0
18	0
39	0
18	0
3	0
52	0
26	0
74	0
3	0
47	0
63	0
413	0
0	0
27	0
171	0
32	0
196	0
28	0
84	0
179	0
321	0
87	25
235	0
52	0
14	0
18	0
12	0
86	0
2	0
52	0
53	0
234	2
22	0
784	0
41	0
36	0
62	0
5	0
30	0
317	0
78	0
139	0
34	0
44	0
32	0
127	0
25	0
39	0
16	0
100	0
25	0
32	0
79	0
18	0
39	0
45	0
54	0
37	0
89	0
11	0
862	0
109	0
47	0
75	0
354	31
166	0
31	0
60	0
25	0
7	0
41	0
7	0
20	0
13	0
66	0
37	0
53	0
247	0
7	0
12	0
37	0
2	0
34	0
11	0
58	0
1471	0
8	0
31	0
67	0
40	0
24	0
93	0
29	0
16	0
65	0
108	139
118	125
55	0
501	0
16	0
48	0
30	0
440	0
26	0
103	0
34	0
3	0
20	0
35	0
31	0
38	0
20	0
99	1
120	0
108	0
11	0
35	0
88	0
34	0
143	0
16	0
41	0
70	0
30	0
225	0
25	0
6	0
145	20
2	4
0	7
10	0
25	0
0	0
0	0
0	0
0	0
0	33
37	0
57	0
32	0
34	0
65	0
31	0
380	0
68	0
6	0
16	0
8	0
3	0
218	0
37	0
50	0
34	0
122	0
663	0
26	0
44	0
147	0
12	0
17	0
638	0
31	0
59	0
75	0
142	0
72	0
74	0
164	0
32	0
49	0
60	0
35	0
71	0
88	0
45	0
245	0
46	0
13	0
158	0
173	0
94	0
887	0
205	14
85	0
81	0
122	0
105	0
11	0
66	0
20	0
236	0
70	0
1131	0
51	0
23	0
0	1
41	1
44	0
19	1
39	0
28	0
75	0
39	0
8	0
53	0
10	0
48	0
31	0
20	0
26	0
84	0
470	0
39	0
204	0
36	0
52	0
185	0
41	0
20	0
14	0
161	32
32	0
98	0
160	0
18	0
9	0
65	0
23	8
53	0
31	0
32	0
54	0
53	0
16	0
20	0
74	0
15	0
27	0
52	0
240	0
78	0
105	0
253	0
276	0
251	0
346	0
74	0
21	0
59	0
57	0
16	0
31	0
62	0
113	0
0	579
32	0
657	0
47	0
60	0
42	0
114	0
152	0
23	0
11	0
65	0
148	0
59	0
16	0
91	0
196	0
65	0
232	0
40	0
50	0
21	0
167	0
156	0
13	0
34	0
40	0
48	0
30	0
20	0
77	0
10	0
196	0
27	0
63	0
53	0
310	0
33	0
97	0
66	0
11	0
1203	0
37	0
4	0
40	0
779	610
0	0
77	0
175	0
47	0
576	0
72	0
19	0
6	0
140	0
13	7
47	0
205	0
252	0
105	0
96	0
239	0
89	0
53	0
342	0
29	0
132	0
43	0
96	0
45	0
36	0
134	0
11	0
8	0
11	0
566	0
42	0
60	0
90	0
150	0
30	0
58	0
26	0
40	0
23	0
202	0
47	0
29	0
156	0
33	0
206	0
39	0
99	1
48	0
2	0
18	0
181	0
32	0
11	0
38	0
139	0
149	0
18	0
290	0
24	0
8	0
18	0
30	0
22	0
54	0
3	0
86	0
124	0
22	0
242	0
52	0
963	0
113	0
59	0
32	0
24	0
630	11
4	0
18	0
361	0
46	0
26	0
43	0
33	0
72	0
88	0
19	0
9	0
41	0
51	0
32	0
9	0
785	0
112	0
22	0
55	0
83	0
329	0
133	0
24	0
211	21
41	0
9	0
46	0
10	0
82	0
43	0
9	0
47	0
1465	0
12	0
173	0
13	0
53	0
53	0
63	0
101	12
51	0
257	118
9	0
37	0
24	0
458	0
45	0
59	0
60	0
78	0
75	0
29	0
365	0
159	0
28	0
113	0
141	0
414	0
23	0
132	0
99	0
48	0
121	0
3	0
16	0
84	0
26	0
93	0
41	0
11	0
136	0
37	0
61	0
8	0
24	0
47	0
111	0
419	0
49	0
41	0
15	0
6	0
64	0
67	0
231	0
30	0
18	0
20	0
26	0
574	0
100	0
29	0
66	0
33	0
882	0
423	0
68	0
24	0
21	0
7	0
0	0
0	0
0	0
0	0
0	0
0	1
13	0
9	41
0	28
1	25
3	39
11	16
16	0
14	0
81	0
668	0
47	0
73	0
21	0
30	0
421	6
80	0
36	0
69	0
106	0
72	0
28	0
221	0
41	0
134	0
75	0
131	0
3	0
64	0
32	0
58	0
121	0
6	0
51	0
21	0
14	0
54	0
168	0
2	0
7	0
15	53
220	0
12	0
33	0
40	0
16	0
42	0
110	0
38	0
8	0
12	0
200	3
18	0
68	0
19	0
47	0
92	0
47	0
78	0
133	0
198	0
1237	0
36	0
13	0
354	0
180	0
44	0
29	0
44	0
19	0
20	0
14	0
39	0
23	0
26	0
82	0
50	0
23	0
9	0
1248	0
176	87
34	23
220	0
17	0
41	0
289	0
31	0
445	0
40	0
60	0
10	329
442	0
460	0
52	0
154	0
39	0
41	0
35	0
10	0
17	0
68	0
22	0
13	0
56	0
209	0
2381	0
39	0
11	0
30	0
39	0
189	0
41	0
12	0
55	0
81	0
114	0
184	0
59	0
40	0
5	0
34	0
69	0
15	0
57	0
41	0
124	0
27	0
45	0
5	0
278	0
64	0
21	0
81	0
252	0
197	0
68	0
47	0
67	0
38	0
287	1
16	0
110	0
129	0
50	0
6	0
24	0
42	0
21	0
77	0
29	0
1325	0
19	0
73	0
10	0
104	0
163	0
178	0
17	0
9	0
45	0
21	0
31	0
16	0
85	0
63	0
57	0
51	0
341	0
38	0
72	0
49	0
16	0
44	0
65	0
64	0
126	0
52	0
108	0
20	0
182	0
862	0
14	0
40	0
50	0
387	1
17	0
17	0
51	0
16	0
184	0
104	0
18	163
17	0
2	0
93	0
31	0
39	0
161	0
124	0
186	0
16	0
10	0
79	0
14	0
56	0
46	0
78	0
55	0
22	0
184	0
175	0
51	0
13	286
201	0
215	0
141	0
30	0
268	0
74	0
12	0
51	0
21	0
129	0
229	0
121	0
16	0
240	0
44	0
16	0
517	0
81	0
11008	2478
10	0
54	0
59	0
24	0
45	0
31	0
75	0
0	21
79	0
46	0
33	0
23	0
14	0
7	0
56	0
0	0
8	0
23	0
486	0
459	0
102	0
24	0
30	0
35	0
26	0
64	0
17	0
89	0
1938	0
36	0
12	17
23	0
35	29
1	12
2	28
0	25
12	0
22	0
44	0
90	0
49	0
98	0
9	0
539	0
23	0
66	0
16	0
20	0
30	0
71	0
12	0
85	0
46	0
381	0
56	0
80	0
117	0
75	0
142	0
220	0
6	0
364	0
44	0
372	0
26	0
52	0
75	0
35	0
174	0
172	0
38	5
86	0
59	0
98	2
503	3
97	0
7	0
78	0
21	0
101	0
37	0
52	47
7	0
49	0
22	0
29	0
25	0
18	0
98	0
147	0
47	0
199	0
11	0
38	0
7	0
49	0
15	0
11	0
159	0
13	0
113	0
73	0
10	0
32	0
56	5183
19	0
77	0
56	0
33	0
25	0
119	0
107	0
69	0
88	0
14	0
30	0
72	0
2	0
76	0
300	0
97	152
13	0
15	262
483	0
85	0
60	0
65	0
30	0
191	0
84	0
33	0
40	0
89	0
107	0
52	0
98	0
4	0
272	0
11	0
14	0
19	0
10	0
15	0
81	0
67	0
637	0
26	0
150	0
12	0
284	288
92	0
17	0
45	0
39	0
80	0
27	0
69	0
108	0
235	0
39	0
176	4
12	0
259	0
1249	0
178	0
19	0
12	0
99	0
25	0
59	104
32	0
273	0
89	0
1669	0
53	0
37	0
116	0
46	0
323	0
142	0
457	0
19	0
194	0
41	0
46	0
104	0
17	0
23	0
18	0
17	0
36	0
49	0
136	0
62	0
53	0
932	0
76	0
21	0
56	0
38	0
80	0
62	0
1675	0
8	0
52	0
358	0
14	23
28	0
32	0
4	0
5	0
0	49
0	32
0	663
0	591
225	0
74	0
3	0
7	0
81	0
71	0
200	0
29	0
401	0
150	140
15	0
0	0
48	0
5	0
55	0
0	50
5	0
2	5
22	0
1452	0
66	7
10	0
276	0
95	0
28	0
19	67
82	0
140	0
8	0
194	0
1006	0
3	0
19	0
1823	0
495	0
162	0
1069	0
0	302
5	1534
0	0
4	0
88	0
0	0
0	191
0	0
0	8
0	325
0	1624
0	309
0	1604
0	1
0	200
0	287
0	0
0	130
0	142
0	0
0	8
0	301
0	0
0	0
0	200
0	287
0	0
0	305
3	1709
0	0
0	1
0	2
0	3
0	0
0	459
0	308
0	1637
0	1
0	88
0	284
0	1563
0	142
0	258
0	0
0	3
0	0
0	285
0	0
0	400
0	0
54	0
51	0
149	0
62	0
43	0
116	0
236	0
362	0
9217	0
590	0
29	0
2	0
34	0
7	0
19	0
0	18
120	0
0	11
8	0
1	0
0	0
24	0
106	0
236	0
0	0
2	0
90	0
0	0
88	0
34	0
1	0
56	0
28	0
6	0
1	0
59	0
25	0
65	0
102	0
72	0
10	0
19	1464819
18	0
1241	0
6	0
102	0
16	0
15	0
53	0
13	0
26	0
24	0
180	0
1	0
70	0
0	43
36	0
8	0
149	0
22	0
17	0
65	0
22	0
138	0
286	0
4	0
3	0
2	0
4	0
6	0
2	0
3	0
1	0
2	0
1	0
8	0
4	0
3	0
9	0
0	0
13	0
1	0
0	0
2	0
0	0
0	23226
4	14723
9	11326
17	0
3	0
2	0
0	0
3	0
4	0
0	0
0	0
0	0
0	0
6	0
0	0
8	0
0	0
1	0
0	0
14	0
1	0
0	0
2	0
1	0
0	92
3	0
0	0
3	0
2	0
10	0
30	0
1	0
0	0
13	0
0	1
1	0
4	0
0	0
8	0
5	0
0	0
0	0
0	0
0	0
7	0
8	0
13	0
0	0
0	0
2	0
13	0
1	0
0	0
1	0
0	1
20	0
0	0
0	0
2	0
1	0
0	0
1080	0
908	0
18	5
0	0
2	1
108	0
0	0
48	0
0	0
5	0
0	0
2	0
0	0
286	0
46	0
78	0
13	0
0	0
0	0
38	0
11	0
64	0
5	0
7	0
0	0
0	2
21	0
130	0
0	0
9	0
6	0
32	0
2	0
0	0
15	0
5	52
2	0
26	0
4	0
85	0
234	0
1	0
14	0
256	0
6	0
2	0
93	0
15	0
1748	0
0	0
2	0
39	0
45	0
1	0
3	0
0	0
3478	0
6	4
2	0
7	0
156	0
10	0
88	13
9	0
7	0
11	0
2	0
5	29
2	0
4	0
0	33
1	0
0	0
0	9
2	0
17	0
6	34
6	10
4	1
9	0
0	32
1	8
1	364
2	18
0	0
0	0
21	1
11	0
7	0
1	0
1	0
4	0
118	0
3	0
18	0
1	0
14	11
8	0
2	0
3	0
0	0
0	0
4	0
3	0
14	0
0	0
1	0
11	0
4	0
3	26
1	0
0	0
3	0
8	0
19	0
1	0
56	0
0	0
0	615
2	0
3	0
22	0
9	0
0	0
0	0
25	0
25	0
1	0
0	0
2	0
1	0
4	0
2	0
0	0
1	0
2	0
1	0
3	0
9	0
3	0
5	0
2	0
1	0
0	20
1	0
0	3
15	0
1	0
67	0
2	0
93	0
80	0
3	0
0	0
4	0
2	0
6	0
2	0
145	0
1	0
0	0
5	0
9	0
2	0
4	0
17	0
6	0
2	0
2	0
15	47
5	0
2	0
1	0
6	0
4	0
0	0
4	0
1	0
3	0
0	0
3	0
11	152
0	857
3	0
96	79
26	23
14	0
0	8
1	0
5	0
13	37
2	5
0	24
2	0
2	0
2	0
28	24
2	0
5	55
10	0
132	5
0	0
0	1
10	0
5	0
139	0
291	0
9306	0
99	0
65	0
0	0
26	0
130	0
25	0
174	0
134	0
203	0
3	0
2	0
264	0
129	0
217	7
172	0
4	0
7172	0
4	0
25	0
1	0
3	0
0	23
6	50
213	0
29	615
3	0
23	0
884	0
11	0
16	908
0	908
694	990
211	0
1	0
50	0
12	12
0	12
455	0
138	0
1567	0
56	1
77	0
162	0
16	0
5	0
35	0
2	0
95	0
713	0
1	0
38	0
1760	4829888
0	25
0	3475792
0	1275
0	195847
0	2046
0	1152284
0	2619
4	18819
0	18818
8	0
16	0
4	0
151	0
365	0
97	0
0	0
0	0
1	0
24	0
7	0
2	0
1	0
14	0
4	0
8	0
210	0
660	0
1	0
968	0
201	0
1290	0
367	0
15	0
2	0
36	0
4	0
48	0
7	0
957	0
34	0
58	0
695	0
1638	971
374	0
95	0
312	0
3	0
250	971
48	0
147	0
57	0
2547	0
4	18
3	17
1	11
25	19
49	21
4	0
44	126
0	126
4	0
6	0
12	0
19	0
12	0
